epoch,acc,loss,val_acc,val_loss
0,0.9679125547409058,0.08561832457780838,0.9876222610473633,0.039058487862348557
1,0.9722042083740234,0.07508310675621033,0.9876222610473633,0.040083661675453186
2,0.9719547033309937,0.08434434235095978,0.9886204600334167,0.03764793649315834
